{
  "name": "ios-admin-dashboard",
  "version": "0.2.0",
  "private": true,
  "dependencies": {
    "react": "^18.2.0",
    "react-dom": "^18.2.0",
    "react-router-dom": "^6.20.0",
    "axios": "^1.6.2",
    "recharts": "^2.10.3",
    "react-query": "^3.39.3",
    "@mui/material": "^5.15.0",
    "@mui/icons-material": "^5.15.0",
    "dayjs": "^1.11.10"
  },
  "devDependencies": {
    "@types/react": "^18.2.42",
    "@types/react-dom": "^18.2.17",
    "typescript": "^5.3.3",
    "vite": "^5.0.7",
    "@vitejs/plugin-react": "^4.2.1"
  },
  "scripts": {
    "dev": "vite",
    "build": "vite build",
    "preview": "vite preview"
  }
}