{
  "dashboard": {
    "title": "IOS API Overview",
    "tags": ["ios", "api", "overview"],
    "timezone": "browser",
    "schemaVersion": 16,
    "version": 1,
    "refresh": "30s",
    "panels": [
      {
        "id": 1,
        "title": "Request Rate",
        "type": "graph",
        "gridPos": {"h": 8, "w": 12, "x": 0, "y": 0},
        "targets": [
          {
            "expr": "rate(http_requests_total{job=\"ios-api\"}[5m])",
            "legendFormat": "{{method}} {{endpoint}}",
            "refId": "A"
          }
        ],
        "yaxes": [
          {"format": "reqps", "label": "Requests/sec"},
          {"format": "short"}
        ]
      },
      {
        "id": 2,
        "title": "Response Time (p95)",
        "type": "graph",
        "gridPos": {"h": 8, "w": 12, "x": 12, "y": 0},
        "targets": [
          {
            "expr": "histogram_quantile(0.95, rate(http_request_duration_seconds_bucket{job=\"ios-api\"}[5m]))",
            "legendFormat": "{{endpoint}}",
            "refId": "A"
          }
        ],
        "yaxes": [
          {"format": "s", "label": "Duration"},
          {"format": "short"}
        ]
      },
      {
        "id": 3,
        "title": "Error Rate",
        "type": "graph",
        "gridPos": {"h": 8, "w": 12, "x": 0, "y": 8},
        "targets": [
          {
            "expr": "rate(http_requests_total{job=\"ios-api\",status=~\"5..\"}[5m])",
            "legendFormat": "{{status}} {{endpoint}}",
            "refId": "A"
          }
        ],
        "yaxes": [
          {"format": "reqps", "label": "Errors/sec"},
          {"format": "short"}
        ]
      },
      {
        "id": 4,
        "title": "Active Connections",
        "type": "stat",
        "gridPos": {"h": 8, "w": 12, "x": 12, "y": 8},
        "targets": [
          {
            "expr": "http_active_connections{job=\"ios-api\"}",
            "refId": "A"
          }
        ]
      },
      {
        "id": 5,
        "title": "CPU Usage",
        "type": "graph",
        "gridPos": {"h": 8, "w": 12, "x": 0, "y": 16},
        "targets": [
          {
            "expr": "rate(container_cpu_usage_seconds_total{namespace=\"ios-system\",pod=~\"ios-api.*\"}[5m])",
            "legendFormat": "{{pod}}",
            "refId": "A"
          }
        ],
        "yaxes": [
          {"format": "percentunit", "label": "CPU"},
          {"format": "short"}
        ]
      },
      {
        "id": 6,
        "title": "Memory Usage",
        "type": "graph",
        "gridPos": {"h": 8, "w": 12, "x": 12, "y": 16},
        "targets": [
          {
            "expr": "container_memory_usage_bytes{namespace=\"ios-system\",pod=~\"ios-api.*\"}",
            "legendFormat": "{{pod}}",
            "refId": "A"
          }
        ],
        "yaxes": [
          {"format": "bytes", "label": "Memory"},
          {"format": "short"}
        ]
      }
    ]
  }
}